time,x,y,z,phi,theta,psi,x_velocity,y_velocity,z_velocity,phi_velocity,theta_velocity,psi_velocity,rotor_speed1,rotor_speed2,rotor_speed3,rotor_speed4
0.06,-0.000951889893131,-0.000408231447484,10.0160564199,5.62869394741,0.150126430852,0.0,-0.0569535713183,-0.0432894617985,0.532070417157,2.58858440492,-0.135426190802,0.0,348.002931273,637.021487735,476.205256956,456.84861515
0.12000000000000001,-0.022866555407,-0.018737520499,10.0523994994,3.64566747369,3.06421664988,0.0,-0.878757145257,-0.301273532742,0.561287882852,8.88453129276,0.455544704381,0.0,348.002931273,637.021487735,476.205256956,456.84861515
0.18,-0.0700079197684,-0.0173576447795,10.0977905619,1.27332283178,4.06243032313,0.0,-0.48181014585,0.425618795634,0.680491844918,13.4253695238,-1.69980679866,0.0,348.002931273,637.021487735,476.205256956,456.84861515
0.23999999999999996,-0.0884717626112,-0.00621307446815,10.1297109723,1.56737155784,0.132164691644,0.0,-0.653730672309,0.136381110159,0.432985950383,16.1418143544,-3.04344962132,0.0,348.002931273,637.021487735,476.205256956,456.84861515
0.3,-0.117581578707,0.0228329181182,10.1305157904,0.581569416237,2.68790830422,0.0,-0.0195766170958,0.482601849329,-0.301945853574,17.5523571304,-4.39941740854,0.0,348.002931273,637.021487735,476.205256956,456.84861515
0.36000000000000004,-0.114104475711,0.047157752708,10.0715459515,5.14259729054,0.82581199854,0.0,0.410537783873,0.614053448348,-1.6579818751,18.6242807,-5.1500155535,0.0,348.002931273,637.021487735,476.205256956,456.84861515
0.4200000000000001,-0.118666598143,0.0708252418324,9.95420975775,1.5165064797,0.543160262596,0.0,-0.519590786828,0.229580860846,-2.13344601006,19.5810344977,-5.20744822824,0.0,348.002931273,637.021487735,476.205256956,456.84861515
0.48000000000000015,-0.160189180983,0.091875760156,9.81328719915,2.73614241498,0.476062513842,0.0,-0.448239599109,0.275283487738,-2.61648553315,19.5072586392,-6.09304774023,0.0,348.002931273,637.021487735,476.205256956,456.84861515
0.5400000000000001,-0.212522114021,0.11582382971,9.61431656271,3.96741866386,1.95798215423,0.0,-1.45463230544,0.418625320222,-3.79129470719,19.4214697336,-5.62388476121,0.0,348.002931273,637.021487735,476.205256956,456.84861515
0.6000000000000002,-0.329057939061,0.149287604452,9.36418985579,1.7618381886,3.09940623401,0.0,-2.26892724312,0.440584941662,-4.80427112166,20.0042677335,-6.04601484879,0.0,348.002931273,637.021487735,476.205256956,456.84861515
0.6600000000000003,-0.454432500686,0.158108350082,9.05750819185,3.42774461682,1.52232303235,0.0,-1.93824813952,0.175058911104,-5.72377054393,20.2364676482,-6.82633482012,0.0,348.002931273,637.021487735,476.205256956,456.84861515
0.7200000000000003,-0.584336478666,0.177562735515,8.70188505598,5.32578650638,0.100006859819,0.0,-1.85640673556,0.39665092527,-6.13093777802,19.9522064126,-7.62168154965,0.0,348.002931273,637.021487735,476.205256956,456.84861515
0.7800000000000004,-0.701418445526,0.191468991126,8.32131215484,5.67349857569,0.214724296294,0.0,-2.07627662896,0.0778737462295,-6.90366015104,20.7481690273,-7.36143714853,0.0,348.002931273,637.021487735,476.205256956,456.84861515
0.8400000000000004,-0.844963528924,0.183708840348,7.90354637041,0.99603440771,3.30187057874,0.0,-2.81277276681,-0.282474925405,-7.38627369762,20.9523098751,-6.71294508144,0.0,348.002931273,637.021487735,476.205256956,456.84861515
0.9000000000000005,-1.00045291741,0.153195777925,7.44009506406,6.0722452977,4.86362675734,0.0,-2.17863179208,-0.469335653099,-7.97219314785,20.2830204305,-7.19903821509,0.0,348.002931273,637.021487735,476.205256956,456.84861515
0.9600000000000005,-1.12158655454,0.122592560201,6.9486505804,1.00625269809,5.57732094413,0.0,-2.01809927018,-0.675914110126,-8.65734047576,20.2766489898,-6.25743192284,0.0,348.002931273,637.021487735,476.205256956,456.84861515
1.0200000000000005,-1.23880438636,0.0917578821199,6.41099840653,5.98762600882,2.28995594399,0.0,-2.28815965804,-0.537538044971,-9.39501659661,19.6117283544,-5.62331864976,0.0,348.002931273,637.021487735,476.205256956,456.84861515
1.0800000000000005,-1.38428970592,0.0606508251974,5.80796616547,0.891299257875,4.79270876471,0.0,-2.18783156431,-0.611018327803,-10.6762058292,19.6448458914,-5.04123261032,0.0,348.002931273,637.021487735,476.205256956,456.84861515
1.1400000000000006,-1.48223115436,0.0243949601698,5.15323271326,5.6514478505,4.49715060174,0.0,-1.07239912239,-0.611975253814,-11.1901454889,18.5680475796,-5.07128164365,0.0,348.002931273,637.021487735,476.205256956,456.84861515
1.2000000000000006,-1.51041421042,-0.0128536357742,4.46038281972,1.6306177283,4.45953224361,0.0,0.129569977781,-0.693864610953,-11.870327007,18.1994280376,-5.25127714486,0.0,348.002931273,637.021487735,476.205256956,456.84861515
1.2600000000000007,-1.46860975184,-0.057014742235,3.73477223102,6.09446403685,4.25743845337,0.0,1.25179791842,-0.633752806429,-12.429161813,17.5683578772,-5.36887646452,0.0,348.002931273,637.021487735,476.205256956,456.84861515
1.3200000000000007,-1.35666184603,-0.0941578280495,2.96574827161,0.933728548104,5.66498839182,0.0,2.47170531794,-0.479854900551,-13.0165671369,19.2882076759,-5.82529672075,0.0,348.002931273,637.021487735,476.205256956,456.84861515
1.3800000000000008,-1.18994769059,-0.121245418426,2.17353638473,0.500952929637,5.35103200029,0.0,3.13505245241,-0.736503302367,-13.484564815,16.6041090865,-5.89180596056,0.0,348.002931273,637.021487735,476.205256956,456.84861515
1.4400000000000008,-0.995094037138,-0.157067301741,1.36217335501,1.39292936321,0.188409864684,0.0,3.40163733555,-0.521261148939,-13.7903043556,15.7488446509,-6.85686217339,0.0,348.002931273,637.021487735,476.205256956,456.84861515
1.5000000000000009,-0.787334222264,-0.171506564855,0.528312428203,4.320506907,4.56871769119,0.0,3.31287427272,-0.176254333694,-14.0726496667,16.2315801441,-8.00921918864,0.0,348.002931273,637.021487735,476.205256956,456.84861515
1.560000000000001,-0.571499272615,-0.171819698724,0.0,0.16496013259,1.36689351401,0.0,3.65933177949,0.0523720162789,-14.7379953155,15.8609620917,-9.86207575264,0.0,348.002931273,637.021487735,476.205256956,456.84861515
time,x,y,z,phi,theta,psi,x_velocity,y_velocity,z_velocity,phi_velocity,theta_velocity,psi_velocity,rotor_speed1,rotor_speed2,rotor_speed3,rotor_speed4
0.06,-0.0012754131106,-0.000814799217752,10.0159954853,5.56384211101,0.201734938324,0.0,-0.0763140926075,-0.0674560869925,0.52749764822,2.58708162137,-0.156794715453,0.0,348.002931273,637.021487735,476.205256956,456.84861515
0.12000000000000001,0.00407339869734,-0.0278396890747,10.04762712,0.236087115556,2.66497936759,0.0,0.530061938112,-0.80256636898,0.419191775221,9.0287978071,-1.50137115635,0.0,348.002931273,637.021487735,476.205256956,456.84861515
0.18,0.0302444628114,-0.0791254545646,10.0265854216,3.96106572602,4.97511141394,0.0,0.241350609882,-1.02131809945,-0.835887998681,13.2240054315,-2.52328048066,0.0,348.002931273,637.021487735,476.205256956,456.84861515
0.23999999999999996,0.0572401486065,-0.150812772422,9.96569590057,4.69638675458,2.34749518677,0.0,0.0803886550871,-1.31265387348,-1.14120010336,15.9507836768,-4.17294564559,0.0,348.002931273,637.021487735,476.205256956,456.84861515
0.3,0.0612244750128,-0.215724584898,9.87085129065,1.30090381992,5.78956910167,0.0,0.490637850588,-1.00800721971,-2.17527707132,18.2765761462,-5.81787650758,0.0,348.002931273,637.021487735,476.205256956,456.84861515
0.36000000000000004,0.107193270647,-0.261399163837,9.71529085241,5.47978434129,5.93223712401,0.0,1.01386219172,-0.995306959188,-3.15153928156,18.8770477018,-5.57644743576,0.0,348.002931273,637.021487735,476.205256956,456.84861515
0.4200000000000001,0.17286022165,-0.343674874214,9.51648592704,3.81212170948,0.782215684582,0.0,0.941449851506,-1.27950452222,-3.59712590925,19.9457789361,-5.15833895092,0.0,348.002931273,637.021487735,476.205256956,456.84861515
0.48000000000000015,0.221563129926,-0.424103550201,9.27604736801,5.16953457921,2.52577576603,0.0,0.834104085032,-1.54961559908,-4.27201241025,20.0815643727,-6.15890595909,0.0,348.002931273,637.021487735,476.205256956,456.84861515
0.5400000000000001,0.272320305102,-0.501991865461,8.98925012403,3.51288681936,1.26144353637,0.0,1.07122666884,-1.05866170415,-5.37137797293,20.7127986914,-6.96336223885,0.0,348.002931273,637.021487735,476.205256956,456.84861515
0.6000000000000002,0.29936599409,-0.568512633642,8.64635679626,2.36778406713,1.45452067872,0.0,-0.17735908259,-1.09608867405,-5.96194283574,20.0367295559,-6.69419867779,0.0,348.002931273,637.021487735,476.205256956,456.84861515
0.6600000000000003,0.257681983036,-0.633973534423,8.27790249849,3.62602470096,2.90052518167,0.0,-1.09909278886,-1.09496936079,-6.11064199128,19.9543397135,-7.16566435466,0.0,348.002931273,637.021487735,476.205256956,456.84861515
0.7200000000000003,0.184595623908,-0.67609213761,7.90933963888,5.88016749666,2.99625981758,0.0,-1.31970915535,-0.204915936908,-6.53340020363,19.6014043426,-7.41776020074,0.0,348.002931273,637.021487735,476.205256956,456.84861515
0.7800000000000004,0.110693341511,-0.693335683791,7.47806876862,3.02484120651,4.39279860455,0.0,-0.896042517435,-0.613107258858,-7.49573191108,20.1133938789,-6.94954051247,0.0,348.002931273,637.021487735,476.205256956,456.84861515
0.8400000000000004,0.0903718812403,-0.731156434964,7.01517203348,5.85311088223,5.23693133497,0.0,0.216919483953,-0.686432777354,-8.07293583659,19.1500721832,-6.56233034837,0.0,348.002931273,637.021487735,476.205256956,456.84861515
0.9000000000000005,0.117714767316,-0.776180589823,6.51575602757,0.950051841984,3.01954485864,0.0,0.472734956896,-0.63078545421,-8.4935217925,19.3133126842,-5.42938801296,0.0,348.002931273,637.021487735,476.205256956,456.84861515
0.9600000000000005,0.149829739036,-0.830944294926,5.98178833331,4.25348252964,1.69392004614,0.0,0.472092624191,-0.854428256505,-9.24815770311,18.317486279,-3.72997045705,0.0,348.002931273,637.021487735,476.205256956,456.84861515
1.0200000000000005,0.164371727433,-0.885679594416,5.41467986434,1.66046949662,0.477562494137,0.0,0.294100225403,-1.16272974277,-9.81198216263,17.7643472719,-4.90915749727,0.0,348.002931273,637.021487735,476.205256956,456.84861515
1.0800000000000005,0.16100566257,-0.944160841905,4.80508636032,1.02569184594,1.24418209597,0.0,-0.511227473054,-1.07801844553,-10.4094532269,17.0283580268,-5.26697996857,0.0,348.002931273,637.021487735,476.205256956,456.84861515
1.1400000000000006,0.117176200521,-1.0153270755,4.16643558332,2.05296657002,0.0188159413656,0.0,-0.506744027605,-1.31083600341,-10.8967004239,17.0527211286,-6.07057090865,0.0,348.002931273,637.021487735,476.205256956,456.84861515
1.2000000000000006,0.0878361934909,-1.0857248784,3.49299928283,2.76051907961,6.0010312589,0.0,-0.430202061738,-1.09104976855,-11.3485772515,16.2122440122,-5.98471667395,0.0,348.002931273,637.021487735,476.205256956,456.84861515
1.2600000000000007,0.0616263963082,-1.15646103686,2.77572864342,0.0132468844096,1.01438068566,0.0,-0.653328931364,-1.53075964041,-12.2796889402,15.6605014544,-5.54060278462,0.0,348.002931273,637.021487735,476.205256956,456.84861515
1.3200000000000007,0.0153161571273,-1.24849857616,2.02880878406,1.23968194125,5.06433884322,0.0,-0.883903777302,-1.62978416193,-12.7403418142,15.475208723,-6.67207953674,0.0,348.002931273,637.021487735,476.205256956,456.84861515
1.3800000000000008,-0.0153731048215,-1.34034586699,1.25804925167,1.73761151164,6.23021698656,0.0,-0.265570754197,-1.27818885043,-12.9926080205,13.7636750605,-7.10630972257,0.0,348.002931273,637.021487735,476.205256956,456.84861515
1.4400000000000008,-0.0394124047903,-1.3964027059,0.463251810752,6.1782051807,4.56320657282,0.0,-0.528935930495,-0.623715902714,-13.6225774443,13.1073761482,-6.33070989666,0.0,348.002931273,637.021487735,476.205256956,456.84861515
1.5000000000000009,-0.0413488069594,-1.43330673057,0.0,3.41420427836,4.27671959259,0.0,0.449117168744,-0.660261314887,-14.1944235554,14.1406524382,-6.22623547409,0.0,348.002931273,637.021487735,476.205256956,456.84861515
time,x,y,z,phi,theta,psi,x_velocity,y_velocity,z_velocity,phi_velocity,theta_velocity,psi_velocity,rotor_speed1,rotor_speed2,rotor_speed3,rotor_speed4
0.06,-0.00119583130131,-0.000567530366437,10.0160278689,5.60323796347,0.188987603618,0.0,-0.0715529349372,-0.05274163367,0.529838193544,2.58799462868,-0.151798902038,0.0,348.002931273,637.021487735,476.205256956,456.84861515
0.12000000000000001,0.00461227536928,-0.0212499822398,10.0527398972,1.5245763018,2.13952262497,0.0,0.458504074837,-0.473733891285,0.725044217225,9.04130813233,-1.47326454411,0.0,348.002931273,637.021487735,476.205256956,456.84861515
0.18,0.0127860343598,-0.0721190304474,10.0850228426,2.08541771548,2.72218339224,0.0,0.357859721571,-1.08095104479,0.37113590921,13.2805050166,-2.73471046879,0.0,348.002931273,637.021487735,476.205256956,456.84861515
0.23999999999999996,0.0296430569001,-0.14228440104,10.1017808003,0.987311519565,4.6201817283,0.0,0.0648964467904,-0.889408582477,0.0608413546464,16.4729713548,-3.7363842069,0.0,348.002931273,637.021487735,476.205256956,456.84861515
0.3,0.0723841014669,-0.195551566696,10.0845765278,1.64441162753,3.03729799963,0.0,1.29404723177,-0.67551933414,-0.627038345517,17.6727998927,-5.18566217569,0.0,348.002931273,637.021487735,476.205256956,456.84861515
0.36000000000000004,0.152740413887,-0.263626438741,10.0462956809,6.15336676967,3.87251777508,0.0,1.55638710052,-1.50974963183,-0.516528423136,19.0436905929,-5.55751180774,0.0,348.002931273,637.021487735,476.205256956,456.84861515
0.4200000000000001,0.276057959906,-0.357856654433,9.98601518498,4.88905745096,4.52272389265,0.0,2.63257443403,-1.60696066033,-1.18378236382,19.7165116041,-5.90201489303,0.0,348.002931273,637.021487735,476.205256956,456.84861515
0.48000000000000015,0.472126500828,-0.450609687567,9.89158796792,1.4811954741,4.20498014637,0.0,3.87806256022,-1.61169879631,-2.037533821,20.1603081193,-5.8372368236,0.0,348.002931273,637.021487735,476.205256956,456.84861515
0.5400000000000001,0.73906222165,-0.558553886136,9.75877232553,4.62280561626,4.11770545275,0.0,5.02319075758,-1.75393535096,-2.25958423312,20.634217018,-5.66099940377,0.0,348.002931273,637.021487735,476.205256956,456.84861515
0.6000000000000002,1.0728869948,-0.645636500377,9.60277199593,5.99682286683,4.30444002458,0.0,6.10836403064,-1.2268591414,-3.04149349107,20.5068944894,-5.91334197749,0.0,348.002931273,637.021487735,476.205256956,456.84861515
0.6600000000000003,1.47213573301,-0.723722594387,9.39728972475,3.94885882765,3.95147524631,0.0,7.19246946797,-1.44182137312,-3.54639158663,21.0979040249,-5.92946181723,0.0,348.002931273,637.021487735,476.205256956,456.84861515
0.7200000000000003,1.93190281609,-0.803364207193,9.17389407531,5.27440339546,5.38160146639,0.0,8.14285278042,-1.35697759207,-4.06924726053,20.2360664042,-6.39315704741,0.0,348.002931273,637.021487735,476.205256956,456.84861515
0.7800000000000004,2.44860622377,-0.895066282959,8.92725361678,1.35376331869,5.05910012057,0.0,9.1070846973,-1.46767863054,-4.13923737317,19.8682121918,-6.4799303923,0.0,348.002931273,637.021487735,476.205256956,456.84861515
0.8400000000000004,3.02034241169,-0.96628814532,8.65709077952,2.98640285802,6.26754637501,0.0,9.79871137477,-0.84233511786,-5.08378768625,19.6397415296,-6.04386091084,0.0,348.002931273,637.021487735,476.205256956,456.84861515
0.9000000000000005,3.59912409909,-1.01098144382,8.31175703144,1.43632175632,5.29725547456,0.0,9.63392405234,-0.7329917787,-6.33780506429,18.9929446012,-5.22059564445,0.0,348.002931273,637.021487735,476.205256956,456.84861515
0.9600000000000005,4.18786111973,-1.05251001837,7.91874748739,3.01412253828,1.42653491083,0.0,9.93682863395,-0.694630649608,-6.89662055246,18.7647946967,-3.39449995537,0.0,348.002931273,637.021487735,476.205256956,456.84861515
1.0200000000000005,4.76258663348,-1.09260020985,7.49046966032,4.23269660524,0.858235045938,0.0,9.25061808731,-0.611546425014,-7.34265966322,18.6591520117,-0.799616452619,0.0,348.002931273,637.021487735,476.205256956,456.84861515
1.0800000000000005,5.29496500353,-1.13978744997,7.0272846978,3.86163636244,3.49346065773,0.0,8.58786763543,-1.04980308951,-8.12584025833,19.7977084559,-0.233388578429,0.0,348.002931273,637.021487735,476.205256956,456.84861515
1.1400000000000006,5.81085674355,-1.1952079747,6.53414032329,5.96582024259,4.01785826369,0.0,8.55012709403,-1.12381636009,-8.33047465547,19.4687980371,1.01943046767,0.0,348.002931273,637.021487735,476.205256956,456.84861515
1.2000000000000006,6.32993276907,-1.25967498313,6.01589583711,0.97822658713,2.90173513253,0.0,8.36555019757,-1.12852866654,-8.92319700705,19.345321799,3.73796919949,0.0,348.002931273,637.021487735,476.205256956,456.84861515
1.2600000000000007,6.83563739161,-1.33723432124,5.45380250234,2.68277801278,2.68028544327,0.0,8.33451265394,-1.11557833143,-9.76233653507,19.0914465119,2.90004492902,0.0,348.002931273,637.021487735,476.205256956,456.84861515
1.3200000000000007,7.33405671829,-1.41422231303,4.85814928609,5.00535790982,4.48026564215,0.0,8.65281546055,-1.38520580904,-10.0982472489,20.0251984223,2.4571946515,0.0,348.002931273,637.021487735,476.205256956,456.84861515
1.3800000000000008,7.86171083198,-1.50559077,4.22344090361,4.02317191668,4.96596566836,0.0,8.62168960752,-1.99974423617,-11.0353821302,18.9210667215,3.34718220094,0.0,348.002931273,637.021487735,476.205256956,456.84861515
1.4400000000000008,8.40781306521,-1.62694666811,3.53791356563,3.32571075776,5.27855930517,0.0,9.59889993024,-1.90716731727,-11.5995838344,17.7969051047,3.23017870539,0.0,348.002931273,637.021487735,476.205256956,456.84861515
1.5000000000000009,8.99901581959,-1.73929163201,2.8084047229,4.28530126928,0.551053850484,0.0,9.90567155033,-2.10570103723,-12.73054607,16.0784610815,3.63309334042,0.0,348.002931273,637.021487735,476.205256956,456.84861515
1.560000000000001,9.56243020886,-1.87956174216,2.00814730132,0.0352261395131,4.05186083251,0.0,9.07905654907,-2.18443600832,-14.0785918377,16.4323263943,3.00442604876,0.0,348.002931273,637.021487735,476.205256956,456.84861515
1.620000000000001,10.1268070019,-2.00458078039,1.15282011732,1.02279689301,0.846766872229,0.0,9.53732438217,-1.8493209409,-14.1477451291,16.4451277226,1.38800373293,0.0,348.002931273,637.021487735,476.205256956,456.84861515
1.680000000000001,10.6990640839,-2.10208077156,0.300558679624,2.44244694952,1.45392044626,0.0,9.84447562614,-1.78436334222,-14.1866668598,16.2177443743,0.133501291893,0.0,348.002931273,637.021487735,476.205256956,456.84861515
1.740000000000001,11.2740701982,-2.20437552975,0.0,0.139549479249,0.499446908896,0.0,9.84082346979,-1.56547383826,-14.4783894382,14.8595463221,-0.666752194411,0.0,348.002931273,637.021487735,476.205256956,456.84861515
time,x,y,z,phi,theta,psi,x_velocity,y_velocity,z_velocity,phi_velocity,theta_velocity,psi_velocity,rotor_speed1,rotor_speed2,rotor_speed3,rotor_speed4
0.06,-0.00912354200107,0.00785306761591,10.0202688525,1.27802350532,1.22650975835,0.0,-0.535349793351,0.425213468868,0.501500472066,0.390416320011,0.382442966453,0.0,348.002931273,637.021487735,476.205256956,456.84861515
0.12000000000000001,-0.0823013811124,0.0380846525719,10.0357709749,2.21754477656,2.4528341587,0.0,-1.88682941936,0.341873319952,0.0319831438395,0.720771902015,0.761245992598,0.0,348.002931273,637.021487735,476.205256956,456.84861515
0.18,-0.215270287233,0.0323360649305,10.0455842253,2.81354965992,3.5091277363,0.0,-2.33516327507,-0.496834475147,0.423151125354,0.977112929684,1.10827937133,0.0,348.002931273,637.021487735,476.205256956,456.84861515
0.23999999999999996,-0.333966136693,-0.00757384609248,10.0885878458,3.1267648637,4.34349340135,0.0,-1.48120387614,-0.759749436068,0.917345806781,1.15069207028,1.41061359272,0.0,348.002931273,637.021487735,476.205256956,456.84861515
0.3,-0.381357635671,-0.0531634278715,10.1372868476,3.28108333112,4.88461141651,0.0,-0.0766330934801,-0.758012206323,0.592482596976,1.25064653248,1.64343902112,0.0,348.002931273,637.021487735,476.205256956,456.84861515
0.36000000000000004,-0.343571757895,-0.100156339162,10.1458069199,3.37684509742,5.14322223404,0.0,1.32147411574,-0.822728224165,-0.360363272637,1.2993172211,1.78079252614,0.0,348.002931273,637.021487735,476.205256956,456.84861515
0.4200000000000001,-0.225535265906,-0.154292527124,10.0878728695,3.45731424666,5.3080645035,0.0,2.59396538849,-0.997268479573,-1.59734532498,1.31550346461,1.86300430067,0.0,348.002931273,637.021487735,476.205256956,456.84861515
0.48000000000000015,-0.0353162962835,-0.222161219919,9.95098127615,3.53624955342,5.44585819396,0.0,3.72478744664,-1.28092977205,-2.98082401798,1.31286423903,1.91767045722,0.0,348.002931273,637.021487735,476.205256956,456.84861515
0.5400000000000001,0.218103276028,-0.310289125097,9.72852582287,3.61591732165,5.57611511486,0.0,4.69819659331,-1.67225896681,-4.44161276269,1.30121742047,1.95917361921,0.0,348.002931273,637.021487735,476.205256956,456.84861515
0.6000000000000002,0.524868901167,-0.424963321368,9.41740864273,3.695844444,5.70345660747,0.0,5.50176325438,-2.16429276593,-5.92980629649,1.2850443504,1.99225501724,0.0,348.002931273,637.021487735,476.205256956,456.84861515
0.6600000000000003,0.874641456191,-0.571869424829,9.01715409107,3.77529576392,5.83191415111,0.0,6.13135889122,-2.74450000757,-7.40833210777,1.26700475143,2.02378110963,0.0,348.002931273,637.021487735,476.205256956,456.84861515
0.7200000000000003,1.2569781153,-0.755824452862,8.52916189889,3.85382997157,5.95849883957,0.0,6.58819093594,-3.39672907639,-8.85139503341,1.2483860454,2.04747225326,0.0,348.002931273,637.021487735,476.205256956,456.84861515
0.7800000000000004,1.6617391729,-0.980673862775,7.95602344432,3.93133112046,6.08315887744,0.0,6.88001768547,-4.10547445077,-10.245269946,1.22948007137,2.06105080035,0.0,348.002931273,637.021487735,476.205256956,456.84861515
0.8400000000000004,2.07922242725,-1.24939873347,7.30086104819,4.00768058607,6.2089538459,0.0,7.01263415241,-4.8577261576,-11.5856545091,1.21063299103,2.07587528082,0.0,348.002931273,637.021487735,476.205256956,456.84861515
0.9000000000000005,2.49991965205,-1.56430391505,6.56682943189,4.08282794433,0.050451304241,0.0,6.98731880096,-5.64347465332,-12.874880453,1.19203013651,2.07879612455,0.0,348.002931273,637.021487735,476.205256956,456.84861515
0.9600000000000005,2.91434912721,-1.9270995496,5.75686888313,4.15684720541,0.175491147159,0.0,6.80313169378,-6.45273207465,-14.1175220412,1.17346855366,2.07134336788,0.0,348.002931273,637.021487735,476.205256956,456.84861515
1.0200000000000005,3.31294221121,-2.33841168413,4.87387470356,4.22913079161,0.30400740606,0.0,6.45832114497,-7.25894983622,-15.3105820078,1.1572102859,2.04755374884,0.0,348.002931273,637.021487735,476.205256956,456.84861515
1.0800000000000005,3.68445361429,-2.79791091196,3.92039250569,4.30028036573,0.591385688427,0.0,5.86383466732,-8.05231900991,-16.4661686397,1.14159768459,1.90583952805,0.0,348.002931273,637.021487735,476.205256956,456.84861515
1.1400000000000006,4.00378804433,-3.29494062952,2.90217694742,4.37015903043,2.02341947151,0.0,4.67219248893,-8.28247608184,-17.3847694305,1.12745058991,1.50700846119,0.0,348.002931273,637.021487735,476.205256956,456.84861515
1.2000000000000006,4.27867348614,-3.77324311974,1.83961850703,4.43877523522,0.533941670937,0.0,4.88531756538,-7.92174706987,-18.1301354108,1.11539374489,0.754571149618,0.0,348.002931273,637.021487735,476.205256956,456.84861515
1.2600000000000007,4.5464775998,-4.27336380835,0.717232404229,4.50739766621,0.879209328394,0.0,3.97488517899,-8.7178161293,-19.2768871079,1.09985729964,0.56363026547,0.0,348.002931273,637.021487735,476.205256956,456.84861515
1.3200000000000007,4.77582213101,-4.80811577133,0.0,4.57411327089,1.56918970935,0.0,4.0119441238,-8.76614017736,-20.3171654341,1.08924881863,-1.39936489398,0.0,348.002931273,637.021487735,476.205256956,456.84861515
time,x,y,z,phi,theta,psi,x_velocity,y_velocity,z_velocity,phi_velocity,theta_velocity,psi_velocity,rotor_speed1,rotor_speed2,rotor_speed3,rotor_speed4
0.06,-0.000106358030418,-1.68344444023e-09,10.0260496908,6.28318415145,0.0137769080235,0.0,-0.00643188333628,-1.77848259865e-07,0.868079572565,-5.90079431605e-05,0.0394776729844,0.0,348.002931273,637.021487735,476.205256956,456.84861515
0.12000000000000001,-0.00111518851387,-9.10921941653e-08,10.1041574969,6.28318082476,0.0164685900964,0.0,-0.0277519826195,-3.54033949584e-06,1.73462095752,-4.84627839756e-05,0.0446181058433,0.0,348.002931273,637.021487735,476.205256956,456.84861515
0.18,-0.00351922928174,-5.21613456891e-07,10.2340505168,6.28317799723,0.0193876221138,0.0,-0.0529728593161,-1.14169154705e-05,2.5936112167,-4.45015081196e-05,0.0489382425431,0.0,348.002931273,637.021487735,476.205256956,456.84861515
0.23999999999999996,-0.00756023286066,-1.54297632782e-06,10.415120225,6.28317535584,0.0228501314546,0.0,-0.0824049617916,-2.31752118611e-05,3.43989675223,-4.32655503298e-05,0.0557745840088,0.0,348.002931273,637.021487735,476.205256956,456.84861515
0.3,-0.0135297797343,-3.37797028382e-06,10.6464703399,6.28317275991,0.0296822057171,0.0,-0.117906857165,-3.85068656498e-05,4.26903729859,-4.32655252951e-05,0.0750611751624,0.0,348.002931273,637.021487735,476.205256956,456.84861515
0.36000000000000004,-0.0219082847144,-6.23584239482e-06,10.9269833998,6.28317016561,0.0372137817973,0.0,-0.162795907529,-5.72490210745e-05,5.07812856344,-4.31839079156e-05,0.0929602111499,0.0,348.002931273,637.021487735,476.205256956,456.84861515
0.4200000000000001,-0.033276953102,-1.03166272932e-05,11.2553638633,6.28316758169,0.0455230233125,0.0,-0.217670762362,-7.92440415503e-05,5.86413736797,-4.28281160029e-05,0.109904535856,0.0,348.002931273,637.021487735,476.205256956,456.84861515
0.48000000000000015,-0.048241167574,-1.58094329118e-05,11.6301156502,6.283165012,0.0531791530942,0.0,-0.282449342896,-0.000104285441993,6.62343664283,-4.28280914718e-05,0.120055723327,0.0,348.002931273,637.021487735,476.205256956,456.84861515
0.5400000000000001,-0.0673624499537,-2.28911114653e-05,12.0495669219,6.28316244276,0.0616439584335,0.0,-0.356312867455,-0.000132177359269,7.35377142561,-4.28060567251e-05,0.13121691061,0.0,348.002931273,637.021487735,476.205256956,456.84861515
0.6000000000000002,-0.0912112483171,-3.17263098652e-05,12.5118968498,6.28315988276,0.0727090236501,0.0,-0.440419839869,-0.00016270437985,8.05242570758,-4.23880991491e-05,0.149624439662,0.0,348.002931273,637.021487735,476.205256956,456.84861515
0.6600000000000003,-0.120462602424,-4.24663743287e-05,13.0151505674,6.2831573645,0.0835883323177,0.0,-0.536252774232,-0.000195636420768,8.71769402605,-4.11371767712e-05,0.163578129309,0.0,348.002931273,637.021487735,476.205256956,456.84861515
0.7200000000000003,-0.155788385257,-5.52480184566e-05,13.5573051215,6.28315498828,0.0939699098608,0.0,-0.642706053756,-0.000230708340342,9.34898434958,-3.65455967664e-05,0.170711912744,0.0,348.002931273,637.021487735,476.205256956,456.84861515
0.7800000000000004,-0.197786600487,-7.01867944675e-05,14.1362753589,6.28315291146,0.104609154824,0.0,-0.758603456979,-0.000267463557853,9.9448072356,-3.07635286696e-05,0.176512699996,0.0,348.002931273,637.021487735,476.205256956,456.84861515
0.8400000000000004,-0.247014014189,-8.73682183928e-05,14.7499400637,6.28315116616,0.11582240488,0.0,-0.883665014269,-0.000305383184501,10.5054372883,-2.57485966769e-05,0.184037464482,0.0,348.002931273,637.021487735,476.205256956,456.84861515
0.9000000000000005,-0.304020403009,-0.00010684733709,15.3961940142,6.28314965899,0.127826105801,0.0,-1.01792116874,-0.000343991412995,11.0311293512,-2.38626528453e-05,0.193644472998,0.0,348.002931273,637.021487735,476.205256956,456.84861515
0.9600000000000005,-0.369360713671,-0.000128654865725,16.0729306294,6.28314824878,0.140789467551,0.0,-1.16150398482,-0.000382966518728,11.5215850647,-2.27857236526e-05,0.20520275921,0.0,348.002931273,637.021487735,476.205256956,456.84861515
1.0200000000000005,-0.443596092417,-0.000152807607135,16.778055658,6.28314691706,0.153221305885,0.0,-1.31424382746,-0.000422144113711,11.9775284612,-2.10160477485e-05,0.207976849761,0.0,348.002931273,637.021487735,476.205256956,456.84861515
1.0800000000000005,-0.527242034176,-0.000179312876104,17.5095172646,6.28314573953,0.166260373423,0.0,-1.47517875381,-0.00046135652864,12.3996052369,-1.68516485142e-05,0.215063920876,0.0,348.002931273,637.021487735,476.205256956,456.84861515
1.1400000000000006,-0.620790870888,-0.000208166775934,18.2653303155,6.28314472947,0.17950799865,0.0,-1.64428176915,-0.000500396570909,12.7894006192,-1.67997295744e-05,0.220396902021,0.0,348.002931273,637.021487735,476.205256956,456.84861515
1.2000000000000006,-0.724717133762,-0.000239353900713,19.0435754694,6.28314372148,0.192755563466,0.0,-1.82101529997,-0.000539128345225,13.1475268558,-1.67997257998e-05,0.22126755565,0.0,348.002931273,637.021487735,476.205256956,456.84861515
1.2600000000000007,-0.839467139291,-0.000272853669131,19.8423498714,6.2831427135,0.208186984474,0.0,-2.00533113739,-0.000577482366388,13.4738766562,-1.67997220253e-05,0.203938960241,0.0,348.002931273,637.021487735,476.205256956,456.84861515
1.3200000000000007,-0.965550065221,-0.000308643969725,20.6598050436,6.28314170552,0.226639912688,0.0,-2.19912785352,-0.000615476821103,13.7703661152,-1.67997182508e-05,0.175398511444,0.0,348.002931273,637.021487735,476.205256956,456.84861515
1.3800000000000008,-1.10375254912,-0.000346697231753,21.4940540175,6.28314069753,0.282047170796,0.0,-2.4142826897,-0.000652883349065,14.0331752841,-1.67997144762e-05,0.100798413783,0.0,348.002931273,637.021487735,476.205256956,456.84861515
1.4400000000000008,-1.2574763464,-0.000386959849048,22.3427127903,6.28313968955,0.585199732093,0.0,-2.75328160407,-0.000688846344681,14.2448384797,-1.67997107017e-05,-0.0892243948287,0.0,348.002931273,637.021487735,476.205256956,456.84861515
1.5000000000000009,-1.44846804286,-0.000428778551407,23.1904716247,6.28313867338,2.68805409202,0.0,-3.75442224442,-0.000689233962434,13.668476981,-1.65500578382e-05,-0.593402796837,0.0,348.002931273,637.021487735,476.205256956,456.84861515
1.560000000000001,-1.6788884491,-0.000469641944414,23.982374139,6.28313767645,1.12864624576,0.0,-3.71492503276,-0.000676033586731,12.7980692202,-1.67460513558e-05,-1.74571384897,0.0,348.002931273,637.021487735,476.205256956,456.84861515
1.620000000000001,-1.91142571972,-0.000510752593556,24.7440996311,6.28313667612,5.35162946644,0.0,-3.89448418001,-0.00068043144628,12.3041697269,-1.65985053438e-05,-4.15423724176,0.0,348.002931273,637.021487735,476.205256956,456.84861515
1.680000000000001,-2.13436274533,-0.000552320165673,25.4799207688,6.283135626,3.44127666442,0.0,-3.62409468094,-0.000694332299687,12.0017700224,-1.84065363365e-05,-12.5503854651,0.0,348.002931273,637.021487735,476.205256956,456.84861515
1.740000000000001,-2.35227075925,-0.000593560444158,26.1739589501,6.28313452161,3.68881498552,0.0,-3.8110894976,-0.000679949466391,11.1258732951,-1.84488305394e-05,-20.3186815798,0.0,348.002931273,637.021487735,476.205256956,456.84861515
1.8000000000000012,-2.58621557131,-0.000633835040498,26.8136156692,6.28313342189,5.96703163061,0.0,-4.17374515122,-0.000661682416522,10.1803471214,-1.77120919215e-05,-24.8889255542,0.0,348.002931273,637.021487735,476.205256956,456.84861515
1.8600000000000012,-2.8389354876,-0.000673579265938,27.4076790966,6.28313234168,3.57840870215,0.0,-4.32165928253,-0.000650356732,9.37746099691,-1.81495271299e-05,-27.1151731195,0.0,348.002931273,637.021487735,476.205256956,456.84861515
1.9200000000000013,-3.10096195509,-0.000712236128572,27.9458002692,6.28313123867,4.24892502366,0.0,-4.43004695612,-0.00063728265026,8.54386081453,-1.88518613808e-05,-28.1060086462,0.0,348.002931273,637.021487735,476.205256956,456.84861515
1.9800000000000013,-3.34992698722,-0.00075022703858,28.4362338841,6.28313010756,4.0828327578,0.0,-3.84995349662,-0.000629902969279,7.81955521372,-1.88518566278e-05,-28.5231954378,0.0,348.002931273,637.021487735,476.205256956,456.84861515
2.0400000000000014,-3.57052611138,-0.000787376386126,28.8761246733,6.28312897669,2.63981921224,0.0,-3.59912581391,-0.00060505560996,6.78447161847,-1.8839799518e-05,-28.6991505996,0.0,348.002931273,637.021487735,476.205256956,456.84861515
2.1000000000000014,-3.79933064804,-0.000822850396983,29.2508419288,6.28312785338,0.965125177612,0.0,-4.11753476246,-0.000584925731521,5.8395614747,-1.81325156302e-05,-28.7737598382,0.0,348.002931273,637.021487735,476.205256956,456.84861515
2.1600000000000015,-4.05667666082,-0.000858705726962,29.5967216586,6.28312688987,5.52858196197,0.0,-4.33249269442,-0.000614474910562,5.76152849722,-1.1926531278e-05,-28.8027180374,0.0,348.002931273,637.021487735,476.205256956,456.84861515
2.2200000000000015,-4.30040298939,-0.000896229314532,29.9359646117,6.28312633941,3.80088880061,0.0,-3.75562335702,-0.00062637093521,5.37670675597,-6.28983831927e-06,-28.8115014423,0.0,348.002931273,637.021487735,476.205256956,456.84861515
2.2800000000000016,-4.51990679502,-0.000932834170047,30.2243571178,6.28312594241,2.0724101018,0.0,-3.71085591955,-0.000591529664787,4.19866940113,-5.14827630787e-06,-28.8179395154,0.0,348.002931273,637.021487735,476.205256956,456.84861515
2.3400000000000016,-4.76131750777,-0.000968042548728,30.4538404465,6.28312568491,0.343499625592,0.0,-4.31234157427,-0.00059228651428,3.62236857704,-7.68812556013e-07,-28.8238413651,0.0,348.002931273,637.021487735,476.205256956,456.84861515
2.4000000000000017,-5.02098033062,-0.00100471869766,30.672625387,6.2831256904,4.89737345134,0.0,-4.1806581844,-0.000629136042809,3.65173790491,-3.063370227e-07,-28.8291144123,0.0,348.002931273,637.021487735,476.205256956,456.84861515
2.4600000000000017,-5.25315646357,-0.00104236339542,30.8723371618,6.28312561167,3.16762762483,0.0,-3.62551853852,-0.000616434091856,2.85016871638,-3.92741499042e-06,-28.8290716534,0.0,348.002931273,637.021487735,476.205256956,456.84861515
2.520000000000002,-5.4758143948,-0.00107820598788,31.0065458293,6.28312534487,1.43841254642,0.0,-3.9454780626,-0.000583397408227,1.70873107584,-4.01816653818e-06,-28.8225608727,0.0,348.002931273,637.021487735,476.205256956,456.84861515
2.580000000000002,-5.72966207592,-0.00111369615765,31.0995109551,6.28312516882,5.99304288612,0.0,-4.41495938845,-0.000607444699445,1.52044825603,-1.39603173095e-06,-28.8143010335,0.0,348.002931273,637.021487735,476.205256956,456.84861515
2.640000000000002,-5.98400037971,-0.00115115804875,31.1899584302,6.28312510183,4.26440515778,0.0,-3.95261259465,-0.000633080945951,1.35803178184,-1.76779205969e-06,-28.8104762919,0.0,348.002931273,637.021487735,476.205256956,456.84861515
2.700000000000002,-6.20721601074,-0.00118834141861,31.2404761769,6.28312498871,2.53582974923,0.0,-3.62475541904,-0.000600531919714,0.229217340798,-9.68487755091e-07,-28.8146382012,0.0,348.002931273,637.021487735,476.205256956,456.84861515
2.760000000000002,-6.44000421456,-0.00122363703003,31.2243645214,6.28312489383,0.806954243075,0.0,-4.196276821,-0.000585708455866,-0.60515283015,-2.35145661978e-06,-28.8174624055,0.0,348.002931273,637.021487735,476.205256956,456.84861515
2.820000000000002,-6.70167653823,-0.0012598262325,31.1877129511,6.28312468953,5.36108202631,0.0,-4.36034154638,-0.00062332609943,-0.571694970165,-6.01964448252e-06,-28.8196726012,0.0,348.002931273,637.021487735,476.205256956,456.84861515
2.880000000000002,-6.94540295986,-0.00129761326969,31.1421485421,6.28312430768,3.63204184145,0.0,-3.7470370676,-0.000626100132792,-1.11412380604,-7.05346393707e-06,-28.8252411675,0.0,348.002931273,637.021487735,476.205256956,456.84861515
2.940000000000002,-7.16607197714,-0.00133398441681,31.0380797851,6.28312388447,1.90253904615,0.0,-3.78215713382,-0.000587433820722,-2.33521873214,-7.02168817763e-06,-28.8283760674,0.0,348.002931273,637.021487735,476.205256956,456.84861515
3.000000000000002,-7.41220615539,-0.00136920348379,30.8798577915,6.2831234353,0.1730571724,0.0,-4.39619620504,-0.00059655644312,-2.77622975971,-8.26785075065e-06,-28.8349168437,0.0,348.002931273,637.021487735,476.205256956,456.84861515
3.0600000000000023,-7.67419952467,-0.00140618645806,30.714829408,6.28312300253,4.72613973573,0.0,-4.18202221539,-0.000631568642101,-2.80012621601,-5.10704648807e-06,-28.8352923155,0.0,348.002931273,637.021487735,476.205256956,456.84861515
3.1200000000000023,-7.90646393149,-0.00144374158705,30.5237347223,6.28312276552,2.99610694204,0.0,-3.63725378178,-0.000611042252636,-3.71737085658,-2.06566214715e-06,-28.8332640101,0.0,348.002931273,637.021487735,476.205256956,456.84861515
3.1800000000000024,-8.1324748686,-0.00147936135219,30.2663648275,6.2831226386,1.26609691247,0.0,-4.01792969003,-0.000582972237225,-4.75461640197,-2.21464259628e-06,-28.8341413496,0.0,348.002931273,637.021487735,476.205256956,456.84861515
3.2400000000000024,-8.39053184277,-0.00151498816253,29.9737701269,6.28312250846,5.81921788731,0.0,-4.45387370993,-0.000611488725034,-4.88864067431,-1.69927368574e-06,-28.8352958304,0.0,348.002931273,637.021487735,476.205256956,456.84861515
3.3000000000000025,-8.6456856494,-0.00155245233283,29.6751299815,6.28312240665,4.08917035234,0.0,-3.95879858286,-0.000629712306019,-5.1871276802,-1.69190837245e-06,-28.8397834877,0.0,348.002931273,637.021487735,476.205256956,456.84861515
3.3600000000000025,-8.87027813416,-0.00158931744,29.3316605484,6.28312231588,2.35877701731,0.0,-3.69279302758,-0.000596119013195,-6.30949950382,-9.57162704434e-07,-28.8400806557,0.0,348.002931273,637.021487735,476.205256956,456.84861515
3.4200000000000026,-9.10731262543,-0.00162457139777,28.9272852183,6.28312225592,0.628363427976,0.0,-4.27486336795,-0.00058738705767,-7.03676208554,-1.08347044613e-06,-28.8405168032,0.0,348.002931273,637.021487735,476.205256956,456.84861515
3.4800000000000026,-9.37146514099,-0.00166083258952,28.5035629993,6.28312221435,5.1812433147,0.0,-4.36584973918,-0.000620406062584,-7.1018538527,8.74702299259e-08,-28.8458840653,0.0,348.002931273,637.021487735,476.205256956,456.84861515
3.5400000000000027,-9.61587652202,-0.00169827849227,28.0633042724,6.28312221962,3.4508993015,0.0,-3.7567764419,-0.000618363140514,-7.72286561576,-6.17868621453e-07,-28.8402942153,0.0,348.002931273,637.021487735,476.205256956,456.84861515
3.6000000000000028,-9.83996134418,-0.00173439415236,27.5666439357,6.28312217077,1.72074980256,0.0,-3.84843212667,-0.000588446978107,-8.78560642277,-1.20703648178e-06,-28.8359702205,0.0,348.002931273,637.021487735,476.205256956,456.84861515
3.660000000000003,-10.0900641675,-0.00176972365516,27.022206044,6.28312209962,6.27390046184,0.0,-4.44307454515,-0.000598692477129,-9.21210754974,-1.07977520346e-06,-28.8413087932,0.0,348.002931273,637.021487735,476.205256956,456.84861515
3.720000000000003,-10.3530371439,-0.00180643624091,26.4643336912,6.28312202469,4.54341634141,0.0,-4.20998486518,-0.000622231411692,-9.42844026263,-1.58675462253e-06,-28.8437626102,0.0,348.002931273,637.021487735,476.205256956,456.84861515
3.780000000000003,-10.5870216469,-0.00184344514091,25.8758363408,6.28312192902,2.81277902858,0.0,-3.71191607929,-0.000604441619409,-10.2979665406,-1.64776623303e-06,-28.8458455759,0.0,348.002931273,637.021487735,476.205256956,456.84861515
3.840000000000003,-10.8173019036,-0.00187908112877,25.2303533755,6.28312183015,1.08204711899,0.0,-4.08070430936,-0.000585556912702,-11.1844409793,-1.64776619672e-06,-28.8452080079,0.0,348.002931273,637.021487735,476.205256956,456.84861515
3.900000000000003,-11.0779059017,-0.00191473855753,24.5498797737,6.28312175266,5.63592597188,0.0,-4.44357057829,-0.000605263425803,-11.462802386,-5.79490929555e-07,-28.8338611279,0.0,348.002931273,637.021487735,476.205256956,456.84861515
3.960000000000003,-11.3343244261,-0.00195153027913,23.8519402506,6.28312177589,3.90594452959,0.0,-3.9768644193,-0.000617880240801,-11.8529400015,2.2464522304e-06,-28.8324717396,0.0,348.002931273,637.021487735,476.205256956,456.84861515
4.020000000000002,-11.5628043659,-0.00198797674988,23.1132424284,6.28312188849,2.17605941574,0.0,-3.78238086197,-0.000598711712004,-12.743475125,1.13640787201e-06,-28.8306582708,0.0,348.002931273,637.021487735,476.205256956,456.84861515
4.080000000000001,-11.8036404294,-0.00202344508192,22.3238094701,6.28312195707,0.447454637111,0.0,-4.3419768816,-0.000590100549651,-13.4678976689,3.55825087198e-06,-28.8201005717,0.0,348.002931273,637.021487735,476.205256956,456.84861515
4.14,-12.0686671241,-0.002059329929,21.5056377442,6.28312221075,5.0014267884,0.0,-4.40270074584,-0.000604122331639,-13.8349942537,5.5658728663e-06,-28.8204413198,0.0,348.002931273,637.021487735,476.205256956,456.84861515
4.199999999999998,-12.3157440868,-0.00209591828541,20.6632812018,6.28312256406,3.27228485984,0.0,-3.82333395187,-0.000606863665866,-14.3804907023,6.21096633166e-06,-28.818416162,0.0,348.002931273,637.021487735,476.205256956,456.84861515
4.259999999999997,-12.5451067899,-0.00213203662095,19.7781088509,6.28312292972,1.54318717845,0.0,-3.88991407175,-0.00059486973331,-15.1607807293,5.86106787208e-06,-28.8192993493,0.0,348.002931273,637.021487735,476.205256956,456.84861515
4.319999999999996,-12.7980143804,-0.00216753035805,18.8476254891,6.28312330079,6.09751061221,0.0,-4.4329592826,-0.000594856087181,-15.7493520692,7.68531258125e-06,-28.8266083717,0.0,348.002931273,637.021487735,476.205256956,456.84861515
4.379999999999995,-13.0625250181,-0.0022033392419,17.8869101656,6.28312378113,4.36811247897,0.0,-4.27914049268,-0.000605002652815,-16.1735723592,8.6463109605e-06,-28.832898758,0.0,348.002931273,637.021487735,476.205256956,456.84861515
4.439999999999993,-13.3014168708,-0.00223965003065,16.8990047439,6.28312432763,2.63813678788,0.0,-3.85666748371,-0.000604516277499,-16.7702107965,9.33904523856e-06,-28.8330705533,0.0,348.002931273,637.021487735,476.205256956,456.84861515
4.499999999999992,-13.5362802446,-0.00227567422255,15.8710667337,6.28312488798,0.908202280151,0.0,-4.15167070863,-0.000590867313576,-17.583798585,9.72967998382e-06,-28.8333588802,0.0,348.002931273,637.021487735,476.205256956,456.84861515
4.559999999999991,-13.7981267835,-0.00231112959649,14.7984283018,6.28312546738,5.46150400774,0.0,-4.44262116934,-0.000586653368008,-18.2427776713,9.51069950357e-06,-28.838616714,0.0,348.002931273,637.021487735,476.205256956,456.84861515
4.6199999999999894,-14.0585842801,-0.0023467693841,13.6935835396,6.2831260114,3.7312551527,0.0,-4.03523276865,-0.000601908523105,-18.575657125,8.62285607356e-06,-28.8430666801,0.0,348.002931273,637.021487735,476.205256956,456.84861515
4.679999999999988,-14.2943848889,-0.00238305057186,12.5642068183,6.28312652877,2.00172648952,0.0,-3.86020112846,-0.000610087393801,-19.0257938747,8.62285507916e-06,-28.8331136583,0.0,348.002931273,637.021487735,476.205256956,456.84861515
4.739999999999987,-14.5389103723,-0.00241897207261,11.3933540195,6.28312705767,0.271733649319,0.0,-4.38676652397,-0.000592878762075,-19.9076770958,9.9305607741e-06,-28.8355450696,0.0,348.002931273,637.021487735,476.205256956,456.84861515
4.799999999999986,-14.8053596257,-0.00245405174643,10.1727553864,6.28312771175,4.82499436181,0.0,-4.52545701243,-0.000581318288705,-20.6950475429,1.28392634842e-05,-28.8419462554,0.0,348.002931273,637.021487735,476.205256956,456.84861515
4.859999999999984,-15.0589879171,-0.00248966439469,8.92614297637,6.28312862386,3.09473447808,0.0,-3.99671092251,-0.000599815728249,-20.9617625381,1.68178695518e-05,-28.8484752549,0.0,348.002931273,637.021487735,476.205256956,456.84861515
4.919999999999983,-15.2956735682,-0.00252622827328,7.66091204073,6.28312963293,1.3648294024,0.0,-3.9396877495,-0.00060487371774,-21.4629158022,1.68178657691e-05,-28.8405201652,0.0,348.002931273,637.021487735,476.205256956,456.84861515
4.979999999999982,-15.5513696558,-0.00256190723269,6.3444257244,6.28313093102,5.9176292573,0.0,-4.39471818322,-0.000583895567731,-22.4310986262,3.11826741219e-05,-28.8392256274,0.0,348.002931273,637.021487735,476.205256956,456.84861515
5.0399999999999805,-15.8208953886,-0.00259654470282,4.97369789544,6.28313326818,4.18732881963,0.0,-4.39264671144,-0.000587719487376,-22.9424049454,5.42704778246e-05,-28.8377772649,0.0,348.002931273,637.021487735,476.205256956,456.84861515
time,x,y,z,phi,theta,psi,x_velocity,y_velocity,z_velocity,phi_velocity,theta_velocity,psi_velocity,rotor_speed1,rotor_speed2,rotor_speed3,rotor_speed4
0.06,0.00874604075787,1.23359159701e-09,9.99099633235,6.28318300384,2.64919139068,0.0,0.401264758571,1.28074972535e-07,-0.582163628931,-0.000121121112331,-10.8220808227,0.0,348.002931273,637.021487735,476.205256956,456.84861515
0.12000000000000001,0.0356536808167,5.2224659113e-08,9.92478145381,6.28317573166,1.72508617531,0.0,0.660946618822,2.20464583541e-06,-1.61658096128,-0.000121364221182,-19.2805236443,0.0,348.002931273,637.021487735,476.205256956,456.84861515
0.18,0.0648313172309,9.29652497344e-08,9.81694088739,6.28316834365,1.46425375259,0.0,0.389556027381,-3.081659262e-06,-1.81487696845,-0.000126683821387,-24.3567985381,0.0,348.002931273,637.021487735,476.205256956,456.84861515
0.23999999999999996,0.0794869366066,-1.51462155369e-08,9.68668168806,6.28316037886,5.08652897414,0.0,0.101699694142,5.25175617652e-07,-2.57819056069,-0.000144983995107,-26.8817989016,0.0,348.002931273,637.021487735,476.205256956,456.84861515
0.3,0.101397167528,-4.35952829038e-08,9.51676096268,6.28315145871,2.00487636895,0.0,0.383413361167,-3.8188795588e-06,-3.02128516711,-0.000156090974435,-28.0088534316,0.0,348.002931273,637.021487735,476.205256956,456.84861515
0.36000000000000004,0.108050566558,1.97656783329e-07,9.30482859108,6.28314172431,2.31440143858,0.0,-0.102414825076,1.47117332373e-05,-4.10288856949,-0.000173869942021,-28.4860444223,0.0,348.002931273,637.021487735,476.205256956,456.84861515
0.4200000000000001,0.084284995227,1.55457157488e-06,9.03030916878,6.2831312289,0.945897296161,0.0,-0.738036261018,2.52552700664e-05,-4.92873281101,-0.000177202936034,-28.6841219714,0.0,348.002931273,637.021487735,476.205256956,456.84861515
0.48000000000000015,0.0276888807397,2.224134884e-06,8.73187747331,6.28312050761,5.55990980952,0.0,-0.993586979926,-6.95535315956e-06,-4.96356325575,-0.000181666767149,-28.7622293033,0.0,348.002931273,637.021487735,476.205256956,456.84861515
0.5400000000000001,-0.0154441831066,1.14483343363e-06,8.42656259405,6.28310954834,3.84431289247,0.0,-0.384833873373,-1.88210496901e-05,-5.36657412194,-0.000184592659682,-28.7975308462,0.0,348.002931273,637.021487735,476.205256956,456.84861515
0.6000000000000002,-0.0309651306117,1.32286387621e-06,8.07014924833,6.28309847279,2.11834439177,0.0,-0.293994650369,2.68235786797e-05,-6.52865025166,-0.000184592203973,-28.8135689155,0.0,348.002931273,637.021487735,476.205256956,456.84861515
0.6600000000000003,-0.0674119242301,3.43003378865e-06,7.65495818951,6.28308738994,0.389770140715,0.0,-0.928204149277,2.84413422364e-05,-7.14526752021,-0.000185338600305,-28.8203157368,0.0,348.002931273,637.021487735,476.205256956,456.84861515
0.7200000000000003,-0.124804764529,3.47640125561e-06,7.22520343218,6.28307609012,4.94372717577,0.0,-0.836615716564,-2.57078281839e-05,-7.20002623538,-0.000194347234604,-28.8225554581,0.0,348.002931273,637.021487735,476.205256956,456.84861515
0.7800000000000004,-0.1553117283,1.91661821975e-06,6.7758813265,6.28306430105,3.21485133323,0.0,-0.240626102333,-8.2587841742e-06,-7.93473325265,-0.000198488401404,-28.8313961817,0.0,348.002931273,637.021487735,476.205256956,456.84861515
0.8400000000000004,-0.17350823812,3.32398336345e-06,6.26666460551,6.28305239175,1.48495135322,0.0,-0.499257280633,5.152067498e-05,-9.00337734236,-0.000198487874503,-28.8327595472,0.0,348.002931273,637.021487735,476.205256956,456.84861515
0.9000000000000005,-0.222040608702,5.82670592497e-06,5.71303317079,6.28304040013,6.03821403166,0.0,-0.996600924953,1.53565903664e-05,-9.3329659925,-0.000202612464484,-28.8367064621,0.0,348.002931273,637.021487735,476.205256956,456.84861515
0.9600000000000005,-0.273751129836,4.86102720112e-06,5.14825351453,6.2830279435,4.30803713421,0.0,-0.600482308972,-4.05717012534e-05,-9.54409110683,-0.00021770141578,-28.8358874611,0.0,348.002931273,637.021487735,476.205256956,456.84861515
1.0200000000000005,-0.294904168391,3.81537967792e-06,4.54932266361,6.28301488143,2.57796827431,0.0,-0.255988320835,1.54497296681e-05,-10.4768432144,-0.000217700781938,-28.8338651577,0.0,348.002931273,637.021487735,476.205256956,456.84861515
1.0800000000000005,-0.32206795787,6.70541779025e-06,3.89164487191,6.28300182003,0.848031766331,0.0,-0.763415876999,6.66537214673e-05,-11.361577957,-0.000218417466242,-28.8316626963,0.0,348.002931273,637.021487735,476.205256956,456.84861515
1.1400000000000006,-0.37736794775,8.85196475807e-06,3.2022452327,6.28298835009,5.40131208733,0.0,-0.943591272976,2.76662628554e-06,-11.6104731239,-0.000236802957517,-28.8319024377,0.0,348.002931273,637.021487735,476.205256956,456.84861515
1.2000000000000006,-0.418920464922,7.24334947747e-06,2.4969310078,6.2829740771,3.67143525407,0.0,-0.372653973354,-3.10372740276e-05,-12.0270305571,-0.000238927729893,-28.835722958,0.0,348.002931273,637.021487735,476.205256956,456.84861515
1.2600000000000007,-0.437642114547,7.46653005789e-06,1.74789785848,6.28295977408,1.94127731866,0.0,-0.350958110113,4.0919880925e-05,-12.9485443051,-0.000237296773043,-28.836863029,0.0,348.002931273,637.021487735,476.205256956,456.84861515
1.3200000000000007,-0.476711238058,1.1479993231e-05,0.946398210023,6.28294543525,0.211426475968,0.0,-0.930449079847,5.88777525884e-05,-13.6197717801,-0.000244908358725,-28.8316775944,0.0,348.002931273,637.021487735,476.205256956,456.84861515
1.3800000000000008,-0.532014184221,1.32742278543e-05,0.118695008372,6.28292841099,4.76470897456,0.0,-0.829013098294,-1.07306307053e-05,-13.9257921595,-0.000367675859085,-28.8317708056,0.0,348.002931273,637.021487735,476.205256956,456.84861515
1.4400000000000008,-0.563058612866,1.187311593e-05,0.0,6.28290643476,3.03480238196,0.0,-0.323838470281,-6.23638858236e-06,-14.5267589768,-0.000363315466497,-28.8315976216,0.0,348.002931273,637.021487735,476.205256956,456.84861515
time,x,y,z,phi,theta,psi,x_velocity,y_velocity,z_velocity,phi_velocity,theta_velocity,psi_velocity,rotor_speed1,rotor_speed2,rotor_speed3,rotor_speed4
0.06,0.00880099628088,-7.33394915977e-07,9.99110038198,0.000323577177764,2.67540148019,0.0,0.405366077274,-5.57712122082e-05,-0.576835683676,-0.00754619441394,-10.822225915,0.0,348.002931273,637.021487735,476.205256956,456.84861515
0.12000000000000001,0.0368631207904,-7.13485408854e-06,9.93036779997,6.28304538795,2.85298250112,0.0,0.763976707878,-0.000111038444936,-1.3216457903,-0.00835286499915,-19.288369965,0.0,348.002931273,637.021487735,476.205256956,456.84861515
0.18,0.0723628875605,-1.39215059057e-05,9.82746602337,6.28254407387,2.43387658671,0.0,0.302851357815,-0.000138030210045,-1.95089959383,-0.00836029434115,-24.3627778353,0.0,348.002931273,637.021487735,476.205256956,456.84861515
0.23999999999999996,0.0885358421369,-1.55132853218e-05,9.68298486373,6.28204246321,5.81299094889,0.0,0.251784656078,0.000136125206093,-2.87543100467,-0.00835980741879,-26.8822189006,0.0,348.002931273,637.021487735,476.205256956,456.84861515
0.3,0.113941171648,-2.12085638758e-05,9.50464692254,6.28154072758,2.60010511172,0.0,0.370138615865,-0.000233018623102,-3.16409601172,-0.00836694682168,-28.0026037401,0.0,348.002931273,637.021487735,476.205256956,456.84861515
0.36000000000000004,0.1297534438,-1.38509900676e-06,9.27775444607,6.28103795129,2.88701678257,0.0,0.234577668653,0.000970543661942,-4.41475753213,-0.00840443745809,-28.4770456202,0.0,348.002931273,637.021487735,476.205256956,456.84861515
0.4200000000000001,0.134835256438,9.58882116528e-05,8.97763592238,6.28053363881,1.49239652986,0.0,-0.168580297171,0.00214264335279,-5.5174355494,-0.00840765333913,-28.6672749531,0.0,348.002931273,637.021487735,476.205256956,456.84861515
0.48000000000000015,0.105766446836,0.00020700560847,8.63501145045,6.28002887859,6.11488650999,0.0,-0.696334578594,0.00117339995749,-5.7739869224,-0.00842282245797,-28.7507212791,0.0,348.002931273,637.021487735,476.205256956,456.84861515
0.5400000000000001,0.0723669858604,0.000225342072519,8.28705732374,6.27951709035,4.4023970304,0.0,-0.288749473262,-0.00030142288261,-5.91249017661,-0.00880442183346,-28.7898485205,0.0,348.002931273,637.021487735,476.205256956,456.84861515
0.6000000000000002,0.0713382818476,0.000245439969931,7.90466763409,6.27898884829,2.67735607752,0.0,0.113564130762,0.00136368846016,-6.92795867363,-0.00880313543492,-28.8075911375,0.0,348.002931273,637.021487735,476.205256956,456.84861515
0.6600000000000003,0.0656197736968,0.000384366965081,7.45789481906,6.27846067179,0.949138681633,0.0,-0.408105556819,0.00279127084466,-7.85022277795,-0.00880402136381,-28.8143189023,0.0,348.002931273,637.021487735,476.205256956,456.84861515
0.7200000000000003,0.0294906621121,0.000489344976937,6.98210891234,6.27793188303,5.50346838521,0.0,-0.642009519397,0.000468118156416,-7.96741818687,-0.00883171336161,-28.8171716061,0.0,348.002931273,637.021487735,476.205256956,456.84861515
0.7800000000000004,0.00694822738469,0.000467257831307,6.4959040833,6.27740198424,3.77466264382,0.0,-0.046780096934,-0.000440641892635,-8.38217583601,-0.0088314694454,-28.8237545781,0.0,348.002931273,637.021487735,476.205256956,456.84861515
0.8400000000000004,0.00994702104595,0.000525429076484,5.96092249447,6.27687211695,2.04524080913,0.0,0.00701476048241,0.00245584724615,-9.45707721386,-0.00883042642879,-28.8266038913,0.0,348.002931273,637.021487735,476.205256956,456.84861515
0.9000000000000005,-0.00810740869618,0.000710330242923,5.36982405022,6.27634192815,0.315644685348,0.0,-0.605585901219,0.00267305161148,-10.0864263282,-0.008849512155,-28.8293208101,0.0,348.002931273,637.021487735,476.205256956,456.84861515
0.9600000000000005,-0.0448234761177,0.00077969963788,4.76006687821,6.27581048824,4.86909645218,0.0,-0.497196958765,-0.000385925505386,-10.2401869544,-0.00887320378786,-28.8328578661,0.0,348.002931273,637.021487735,476.205256956,456.84861515
1.0200000000000005,-0.0554122824859,0.000748714654611,4.12912929311,6.2752781885,3.13910888212,0.0,0.0601467844852,0.000434310378326,-10.9334967006,-0.00886984613974,-28.8343266249,0.0,348.002931273,637.021487735,476.205256956,456.84861515
1.0800000000000005,-0.0557931697756,0.000869977413919,3.44353767248,6.27474601879,1.40910095734,0.0,-0.194459177653,0.00368820037724,-11.9257128312,-0.00886852399376,-28.8329075162,0.0,348.002931273,637.021487735,476.205256956,456.84861515
1.1400000000000006,-0.0850239461887,0.00106696678462,2.71306564488,6.27421389581,5.96229828044,0.0,-0.637340590715,0.00213353687072,-12.3381183674,-0.00886910114392,-28.8337125939,0.0,348.002931273,637.021487735,476.205256956,456.84861515
1.2000000000000006,-0.116089255719,0.00110181335588,1.96532938527,6.27368209933,4.23227943582,0.0,-0.261884899204,-0.000939771208248,-12.5924970196,-0.00885174783326,-28.8335578532,0.0,348.002931273,637.021487735,476.205256956,456.84861515
1.2600000000000007,-0.118805439298,0.00110301302295,1.18608005563,6.27315110663,2.50234610542,0.0,0.0248156475547,0.00117470671859,-13.4011846411,-0.00884842460143,-28.8314337829,0.0,348.002931273,637.021487735,476.205256956,456.84861515
1.3200000000000007,-0.127974758659,0.00128218060246,0.353534036263,6.27262030872,0.772506704304,0.0,-0.459478228791,0.00419807395702,-14.2899410159,-0.00883666927011,-28.8301198175,0.0,348.002931273,637.021487735,476.205256956,456.84861515
1.3800000000000008,-0.162734323382,0.0014726658742,0.0,6.27209093184,5.32595050151,0.0,-0.599673313431,0.00223320577569,-14.6982880449,-0.00879619017329,-28.8345241886,0.0,348.002931273,637.021487735,476.205256956,456.84861515
time,x,y,z,phi,theta,psi,x_velocity,y_velocity,z_velocity,phi_velocity,theta_velocity,psi_velocity,rotor_speed1,rotor_speed2,rotor_speed3,rotor_speed4
0.06,0.00632036220432,-0.000230681291899,9.98811690323,0.0758277359556,1.69680042452,0.0,0.222168566976,-0.0160483387496,-0.722887652398,-0.0965982497255,-10.8168073343,0.0,348.002931273,637.021487735,476.205256956,456.84861515
0.12000000000000001,0.00936091146977,-0.00198170524682,9.91675241598,0.0761654613401,0.640504731728,0.0,-0.035477930115,-0.0516385502919,-1.77778833343,-0.124956090569,-19.2743627004,0.0,348.002931273,637.021487735,476.205256956,456.84861515
0.18,0.00922840297165,-0.00443666264389,9.80086579786,0.0762522077248,5.8671693302,0.0,0.278065697725,-0.035348607392,-2.1528487766,-0.156348690953,-24.3415520205,0.0,348.002931273,637.021487735,476.205256956,456.84861515
0.23999999999999996,0.0250660211993,-0.0058963967854,9.66270498175,0.0673337908175,3.39242160417,0.0,0.178485336308,-0.013357797239,-2.44090259766,-0.165095891309,-26.8708350508,0.0,348.002931273,637.021487735,476.205256956,456.84861515
0.3,0.0361315317716,-0.0105763170321,9.48274689562,2.39015860333,0.336549405208,0.0,0.294517844574,-0.0438744718093,-3.39870470859,-0.695379998058,-27.9991867259,0.0,348.002931273,637.021487735,476.205256956,456.84861515
0.36000000000000004,0.0423916100717,-0.00112592706802,9.2487423355,2.34890551769,0.685340500084,0.0,-0.160496669505,0.324771612793,-4.36026635654,-0.688981255723,-28.4809884047,0.0,348.002931273,637.021487735,476.205256956,456.84861515
0.4200000000000001,0.0233802923684,0.0315217321431,8.95721874702,2.30782513212,5.62556170805,0.0,-0.350462849518,0.788142146266,-5.37469139846,-0.684487137819,-28.6862232415,0.0,348.002931273,637.021487735,476.205256956,456.84861515
0.48000000000000015,0.0184180687403,0.0879257140049,8.60953952185,2.2671768923,3.95497662276,0.0,0.251597909197,0.981415709204,-6.11395529727,-0.678483473124,-28.7633731084,0.0,348.002931273,637.021487735,476.205256956,456.84861515
0.5400000000000001,0.0431374169385,0.134511978857,8.23605963293,2.22680143745,2.2358173295,0.0,0.407882838444,0.541022587111,-6.31353912841,-0.67324801977,-28.7922207066,0.0,348.002931273,637.021487735,476.205256956,456.84861515
0.6000000000000002,0.0491209229844,0.161804646234,7.84476110671,2.18640591628,0.50999202184,0.0,-0.230268614543,0.504887931713,-6.83064482542,-0.673270829235,-28.8075646002,0.0,348.002931273,637.021487735,476.205256956,456.84861515
0.6600000000000003,0.0314377633431,0.207926367606,7.40769042002,2.14599803766,5.06470936154,0.0,-0.194486793983,1.02869681052,-7.72986844416,-0.674705265408,-28.8094105971,0.0,348.002931273,637.021487735,476.205256956,456.84861515
0.7200000000000003,0.0397171155669,0.271894921158,6.92647986158,2.10591340916,3.3369407184,0.0,0.432696657345,0.960410320652,-8.21916706255,-0.668897931546,-28.8203669286,0.0,348.002931273,637.021487735,476.205256956,456.84861515
0.7800000000000004,0.0635176180425,0.314540172209,6.4265276003,2.06586632331,1.60773228295,0.0,0.20572299867,0.504226460306,-8.47235611501,-0.666657979116,-28.8235615866,0.0,348.002931273,637.021487735,476.205256956,456.84861515
0.8400000000000004,0.056452226202,0.349936964703,5.90032507631,2.03063487293,6.16195827876,0.0,-0.346322331082,0.807080538029,-9.13306246063,-0.691814805431,-28.8176103181,0.0,348.002931273,637.021487735,476.205256956,456.84861515
0.9000000000000005,0.0432781631561,0.41369607617,5.32643067835,3.0299721775,4.43316457035,0.0,0.0379274916141,1.20648412435,-10.008665008,-1.04643090483,-28.813338627,0.0,348.002931273,637.021487735,476.205256956,456.84861515
0.9600000000000005,0.0618715174817,0.485234476038,4.71463938793,2.96912377833,2.70450767029,0.0,0.437047666672,1.16572371793,-10.3076026551,-1.03234323762,-28.8189507206,0.0,348.002931273,637.021487735,476.205256956,456.84861515
1.0200000000000005,0.0778983647075,0.553083492306,4.09008849111,2.90820958871,0.975382070973,0.0,-0.0265210871867,1.10620834845,-10.575376403,-1.02238725718,-28.8185355122,0.0,348.002931273,637.021487735,476.205256956,456.84861515
1.0800000000000005,0.0649922194096,0.621907994138,3.42856271101,2.84783869964,5.52945466627,0.0,-0.261680492618,1.19757294062,-11.4990453985,-1.0344684758,-28.8185600474,0.0,348.002931273,637.021487735,476.205256956,456.84861515
1.1400000000000006,0.0632073933704,0.697124202462,2.71083072734,2.78732525741,3.80034105604,0.0,0.29077688557,1.27673752387,-12.3155937666,-1.02196541187,-28.8185304528,0.0,348.002931273,637.021487735,476.205256956,456.84861515
1.2000000000000006,0.0863202661283,0.770618305589,1.96356126781,2.72739012895,2.07183225145,0.0,0.367614582191,1.16869379173,-12.5872665842,-1.01023495215,-28.82826887,0.0,348.002931273,637.021487735,476.205256956,456.84861515
1.2600000000000007,0.0912666832678,0.83831418678,1.19795458509,2.66707381935,0.346177416039,0.0,-0.215265068112,1.15159825822,-13.0684301707,-1.01755012947,-28.8081789649,0.0,348.002931273,637.021487735,476.205256956,456.84861515
1.3200000000000007,0.0772472280718,0.912505761535,0.388158518296,2.71631500698,5.01718460489,0.0,-0.171986886462,1.32805440637,-13.9462810457,-1.13380527166,-28.6946276055,0.0,348.002931273,637.021487735,476.205256956,456.84861515
1.3800000000000008,0.0855354525991,0.995759582564,0.0,2.65079957558,3.35342579977,0.0,0.409933246342,1.38639475911,-14.5919389189,-1.11760718496,-28.7770748396,0.0,348.002931273,637.021487735,476.205256956,456.84861515
time,x,y,z,phi,theta,psi,x_velocity,y_velocity,z_velocity,phi_velocity,theta_velocity,psi_velocity,rotor_speed1,rotor_speed2,rotor_speed3,rotor_speed4
0.06,0.00902465945346,-0.00106762507775,9.99152400453,0.615251574459,2.68263543133,0.0,0.416110497658,-0.0836436321111,-0.558763752194,-0.27292037863,-10.8222659606,0.0,348.002931273,637.021487735,476.205256956,456.84861515
0.12000000000000001,0.0378470011251,-0.012905728081,9.93072245433,0.632638496406,2.16764168875,0.0,0.747170057342,-0.283598654269,-1.42710928474,-0.337784966094,-19.2835685347,0.0,348.002931273,637.021487735,476.205256956,456.84861515
0.18,0.0718739768603,-0.0286931172097,9.82919982919,0.623095003488,1.55514212465,0.0,0.416926116357,-0.116179313419,-1.78305175194,-0.374879937738,-24.3557911591,0.0,348.002931273,637.021487735,476.205256956,456.84861515
0.23999999999999996,0.0871925455116,-0.0310446039631,9.70336444415,1.25643084575,5.03260591362,0.0,0.0969936403374,0.0392560978131,-2.38026876141,-1.63569283327,-26.8774969706,0.0,348.002931273,637.021487735,476.205256956,456.84861515
0.3,0.109324761732,-0.0271178286659,9.54364994012,1.27352127126,2.09295610266,0.0,0.37764239503,0.160872288182,-2.92219563289,-1.75449389118,-28.0117213351,0.0,348.002931273,637.021487735,476.205256956,456.84861515
0.36000000000000004,0.116194749917,-0.032082510069,9.34807364853,1.65889928757,2.42125592136,0.0,-0.0829079668036,-0.392928871049,-3.5764305056,-1.99833517825,-28.4911683893,0.0,348.002931273,637.021487735,476.205256956,456.84861515
0.4200000000000001,0.0942343594332,-0.0680641821125,9.11736359294,1.55347910736,1.06083073393,0.0,-0.704269756846,-0.685903647895,-4.12382955916,-1.95785152458,-28.6916500347,0.0,348.002931273,637.021487735,476.205256956,456.84861515
0.48000000000000015,0.0378108341894,-0.0945707713354,8.853629459,1.45088169799,5.67603199426,0.0,-1.02831425639,-0.115782530515,-4.65397804801,-1.91680474696,-28.7709597978,0.0,348.002931273,637.021487735,476.205256956,456.84861515
0.5400000000000001,-0.00788039181235,-0.0894349012397,8.55915195776,1.35601744571,3.95887637604,0.0,-0.427244475868,0.126560890814,-5.18215935884,-1.86884211494,-28.8044843389,0.0,348.002931273,637.021487735,476.205256956,456.84861515
0.6000000000000002,-0.0236709380054,-0.0992208004536,8.22750492584,1.26132318182,2.23194097605,0.0,-0.270019473341,-0.490854824914,-5.89001984628,-1.82430102156,-28.8182169631,0.0,348.002931273,637.021487735,476.205256956,456.84861515
0.6600000000000003,-0.0587662189556,-0.135794503986,7.85551073782,1.16605490337,0.503239248823,0.0,-0.917507104587,-0.565385617914,-6.45216857889,-1.78423513687,-28.8263730503,0.0,348.002931273,637.021487735,476.205256956,456.84861515
0.7200000000000003,-0.117755714267,-0.152715276029,7.45982839792,1.0721679613,5.056840292,0.0,-0.876690373374,-0.0157413390489,-6.73558968178,-1.7456825649,-28.8264541657,0.0,348.002931273,637.021487735,476.205256956,456.84861515
0.7800000000000004,-0.150322718296,-0.153414638995,7.03962594163,0.981578270099,3.32727716456,0.0,-0.247375235241,-0.153207317107,-7.35785420565,-1.70567162384,-28.8256710963,0.0,348.002931273,637.021487735,476.205256956,456.84861515
0.8400000000000004,-0.167446878096,-0.178877152134,6.57107071595,0.891728199574,1.59839167442,0.0,-0.476608664606,-0.646276543499,-8.23443574784,-1.66815300558,-28.8183016297,0.0,348.002931273,637.021487735,476.205256956,456.84861515
0.9000000000000005,-0.2154267571,-0.215423668136,6.0632864738,0.801808874403,6.1525251151,0.0,-1.02681596555,-0.46600584761,-8.59670432221,-1.63441230421,-28.8169959872,0.0,348.002931273,637.021487735,476.205256956,456.84861515
0.9600000000000005,-0.269448746548,-0.233077920202,5.54199764415,0.706208674493,4.42357331612,0.0,-0.643576687671,-0.181999664987,-8.83309965078,-1.61838520998,-28.8152616924,0.0,348.002931273,637.021487735,476.205256956,456.84861515
1.0200000000000005,-0.291474429742,-0.250638253076,4.98810859537,0.619615475595,2.69470945512,0.0,-0.232286470942,-0.45658498511,-9.70436802268,-1.58406485452,-28.8193966074,0.0,348.002931273,637.021487735,476.205256956,456.84861515
1.0800000000000005,-0.31700155398,-0.286352961115,4.37816818035,0.533535077047,0.965635595966,0.0,-0.729976207038,-0.677410259571,-10.5514227971,-1.55245997297,-28.8172822336,0.0,348.002931273,637.021487735,476.205256956,456.84861515
1.1400000000000006,-0.372673670741,-0.322289114901,3.73757583813,0.445958036733,5.52292301655,0.0,-0.975323292146,-0.509227847303,-10.7735401295,-1.52778949218,-28.7997143529,0.0,348.002931273,637.021487735,476.205256956,456.84861515
1.2000000000000006,-0.416666885761,-0.349342473587,3.08252420942,0.362064187227,3.79579515975,0.0,-0.409121133052,-0.442415433281,-11.1713442551,-1.49843600431,-28.7911405172,0.0,348.002931273,637.021487735,476.205256956,456.84861515
1.2600000000000007,-0.435238881213,-0.380236326271,2.38394094471,0.27973556018,2.06870134332,0.0,-0.331074578238,-0.582510714139,-12.1181962233,-1.46946924446,-28.799157249,0.0,348.002931273,637.021487735,476.205256956,456.84861515
1.3200000000000007,-0.472349421956,-0.41759540007,1.63183108907,0.196704170648,0.352862532056,0.0,-0.92296132084,-0.624546300671,-12.8117541147,-1.44582460563,-28.7633976211,0.0,348.002931273,637.021487735,476.205256956,456.84861515
1.3800000000000008,-0.530106248009,-0.453739919456,0.853282013459,0.1200132306,5.45069828482,0.0,-0.954426167427,-0.584342804984,-13.149113927,-1.41227336148,-28.5170289987,0.0,348.002931273,637.021487735,476.205256956,456.84861515
1.4400000000000008,-0.574207520529,-0.487747062746,0.0563019700866,0.042593323188,3.74613314326,0.0,-0.419979923329,-0.560254975959,-13.5163218413,-1.3838300884,-28.5455617728,0.0,348.002931273,637.021487735,476.205256956,456.84861515
1.5000000000000009,-0.594626056174,-0.521573903633,0.0,6.248529445,2.1488766415,0.0,-0.338545780006,-0.564493115671,-14.329541536,-1.3586756967,-28.6613502259,0.0,348.002931273,637.021487735,476.205256956,456.84861515
time,x,y,z,phi,theta,psi,x_velocity,y_velocity,z_velocity,phi_velocity,theta_velocity,psi_velocity,rotor_speed1,rotor_speed2,rotor_speed3,rotor_speed4
0.06,0.000786431849841,-9.25458602659e-07,9.98661676678,0.000197377686935,0.0988962559019,0.0,-0.115088586155,-4.46534843778e-05,-0.688155644044,-0.00621266244401,-10.8079537064,0.0,348.002931273,637.021487735,476.205256956,456.84861515
0.12000000000000001,-0.0162311366152,-1.45326053905e-06,9.93925466006,6.2829982454,5.16002886722,0.0,-0.562828536088,-9.77093896418e-06,-0.950437904832,-0.00760904211354,-19.2644118784,0.0,348.002931273,637.021487735,476.205256956,456.84861515
0.18,-0.039279705295,3.28051646511e-07,9.86081747565,6.2825417408,4.68823370062,0.0,-0.253934359826,0.000145708441263,-1.8633263751,-0.00760718055899,-24.3383769704,0.0,348.002931273,637.021487735,476.205256956,456.84861515
0.23999999999999996,-0.0464317508061,5.48672120237e-06,9.73564760403,6.28208534305,2.14719325273,0.0,0.00296746847817,-3.34397229659e-05,-2.24511126198,-0.00760551246305,-26.8661636275,0.0,348.002931273,637.021487735,476.205256956,456.84861515
0.3,-0.0612987749514,1.0172282305e-05,9.57726996736,6.281629028,5.60243760818,0.0,-0.221899705254,0.000200913268389,-3.02293647378,-0.00760472762667,-28.0059908736,0.0,348.002931273,637.021487735,476.205256956,456.84861515
0.36000000000000004,-0.0659721893032,-8.44349934129e-06,9.39680519128,6.28117275902,5.96815587289,0.0,-0.0184298869461,-0.000919060320718,-2.96028906382,-0.00760399400717,-28.4898332352,0.0,348.002931273,637.021487735,476.205256956,456.84861515
0.4200000000000001,-0.0566942481538,-0.000100447218929,9.21927437204,6.28071660466,4.60957248735,0.0,0.426500445372,-0.00200157649377,-3.04011613601,-0.00760005658827,-28.6908172205,0.0,348.002931273,637.021487735,476.205256956,456.84861515
0.48000000000000015,-0.0124711413829,-0.000200886649971,9.01177184467,6.28026067073,2.94040875804,0.0,0.941157328324,-0.000983476720365,-4.0060030315,-0.00759760539811,-28.7692266421,0.0,348.002931273,637.021487735,476.205256956,456.84861515
0.5400000000000001,0.0346032787713,-0.000208742027867,8.73660035909,6.27980478283,1.2243651185,0.0,0.501319916568,0.000422489645006,-5.05958805192,-0.00759872897823,-28.8044827302,0.0,348.002931273,637.021487735,476.205256956,456.84861515
0.6000000000000002,0.0489668845528,-0.000222336335987,8.42644994344,6.27934887706,5.78004637052,0.0,0.118678238211,-0.00124447376937,-5.18262653957,-0.00759731798356,-28.8152536457,0.0,348.002931273,637.021487735,476.205256956,456.84861515
0.6600000000000003,0.0699415501753,-0.000349057615789,8.11125982672,6.27889305343,4.0513760736,0.0,0.672196787746,-0.00245145449743,-5.46093643165,-0.0075966159177,-28.8220532201,0.0,348.002931273,637.021487735,476.205256956,456.84861515
0.7200000000000003,0.121108485689,-0.000431240009523,7.75117418641,6.27843716606,2.3220377429,0.0,0.878144713068,-4.57954117325e-05,-6.5886716417,-0.00760114475732,-28.8230608045,0.0,348.002931273,637.021487735,476.205256956,456.84861515
0.7800000000000004,0.156597009578,-0.000388997034513,7.32872556205,6.27798105977,0.59269003896,0.0,0.262466673736,0.000680058630925,-7.33314328979,-0.00760227313978,-28.8268496047,0.0,348.002931273,637.021487735,476.205256956,456.84861515
0.8400000000000004,0.167267660052,-0.000432029949118,6.88690523298,6.27752493884,5.14626021088,0.0,0.242395039775,-0.00219216976387,-7.38624949696,-0.00760150025104,-28.8270364792,0.0,348.002931273,637.021487735,476.205256956,456.84861515
0.9000000000000005,0.20099909854,-0.000587379772835,6.4303442869,6.27706885077,3.41662215105,0.0,0.857966649283,-0.00202165380784,-7.99818172365,-0.00760197299245,-28.8285884557,0.0,348.002931273,637.021487735,476.205256956,456.84861515
0.9600000000000005,0.251944100245,-0.000611553523509,5.91710995863,6.27661274761,1.686931464,0.0,0.704120584732,0.00118166425199,-9.09880417888,-0.00760121264063,-28.8320970223,0.0,348.002931273,637.021487735,476.205256956,456.84861515
1.0200000000000005,0.274963549198,-0.00054392909906,5.35388190232,6.27615665109,6.24060026083,0.0,0.156098046249,0.000113354674465,-9.53409206396,-0.00760146982926,-28.8265046536,0.0,348.002931273,637.021487735,476.205256956,456.84861515
1.0800000000000005,0.28954980295,-0.000634711286102,4.77787966419,6.27570058242,4.51126483017,0.0,0.461157921023,-0.0029998136893,-9.68932685921,-0.0076004944019,-28.8223151363,0.0,348.002931273,637.021487735,476.205256956,456.84861515
1.1400000000000006,0.334038101941,-0.000773666354491,4.17347654042,6.27524451066,2.7819674184,0.0,0.882138057246,-0.000952348186569,-10.544520784,-0.00760260098229,-28.8262301489,0.0,348.002931273,637.021487735,476.205256956,456.84861515
1.2000000000000006,0.377888106807,-0.00072878643119,3.51037859368,6.27478830489,1.05238539189,0.0,0.450109942497,0.00205828320911,-11.5078502036,-0.0076050855185,-28.8285385552,0.0,348.002931273,637.021487735,476.205256956,456.84861515
1.2600000000000007,0.392746285262,-0.000672429678488,2.8100971318,6.27433201523,5.6058431283,0.0,0.186220376185,-0.000455625216808,-11.8047258481,-0.00760431205783,-28.8302237402,0.0,348.002931273,637.021487735,476.205256956,456.84861515
1.3200000000000007,0.416490627513,-0.000797770290745,2.09510782244,6.27387577198,3.8764210666,0.0,0.709696099097,-0.00286144630552,-12.1254842917,-0.00760342298747,-28.8383803571,0.0,348.002931273,637.021487735,476.205256956,456.84861515
1.3800000000000008,0.465388400794,-0.000886913082619,1.34107701472,6.27341958775,2.14636967694,0.0,0.814852622793,2.14281661891e-05,-13.0205265447,-0.00760236594062,-28.8452328436,0.0,348.002931273,637.021487735,476.205256956,456.84861515
1.4400000000000008,0.49818514477,-0.000789863753268,0.532333117831,6.27296346196,0.415896527333,0.0,0.247889111605,0.00181756889474,-13.7958278293,-0.00760157561685,-28.8411887988,0.0,348.002931273,637.021487735,476.205256956,456.84861515
1.5000000000000009,0.511591963547,-0.000751194676516,0.0,6.27250735601,4.96926462231,0.0,0.272250034281,-0.000958579736737,-14.12037143,-0.00760214601565,-28.8338240221,0.0,348.002931273,637.021487735,476.205256956,456.84861515
